{
    "num_discovered_subjects": 5,
    "subject_distribution": [
        75,
        9,
        38,
        67,
        311
    ],
    "subject_entropy": 1.1173982884866147,
    "temporal_consistency_score": 0.8114285714285715,
    "subject_activity_independence": 0.5466295648018838
}