{
    "accuracy": 0.6964285714285714,
    "precision": 0.8179383116883117,
    "recall": 0.6964285714285714,
    "f1": 0.7128826530612244,
    "confusion_matrix": [
        [
            4,
            0,
            0,
            0,
            0,
            0,
            0,
            0,
            0,
            0,
            0,
            0,
            0,
            0
        ],
        [
            0,
            4,
            0,
            0,
            0,
            0,
            0,
            0,
            0,
            0,
            0,
            0,
            0,
            1
        ],
        [
            0,
            0,
            2,
            1,
            0,
            0,
            0,
            1,
            0,
            0,
            0,
            0,
            0,
            0
        ],
        [
            0,
            0,
            0,
            2,
            0,
            0,
            0,
            1,
            0,
            0,
            0,
            0,
            0,
            1
        ],
        [
            0,
            0,
            0,
            0,
            4,
            0,
            0,
            2,
            0,
            0,
            0,
            0,
            0,
            0
        ],
        [
            1,
            0,
            0,
            0,
            0,
            3,
            0,
            1,
            0,
            0,
            0,
            0,
            0,
            0
        ],
        [
            0,
            0,
            0,
            0,
            0,
            0,
            3,
            0,
            0,
            0,
            0,
            0,
            0,
            0
        ],
        [
            0,
            0,
            0,
            0,
            0,
            0,
            0,
            4,
            0,
            0,
            0,
            0,
            0,
            0
        ],
        [
            0,
            0,
            0,
            0,
            0,
            0,
            0,
            2,
            3,
            0,
            0,
            0,
            0,
            0
        ],
        [
            0,
            0,
            0,
            0,
            0,
            0,
            0,
            0,
            1,
            2,
            0,
            1,
            0,
            0
        ],
        [
            0,
            0,
            0,
            0,
            0,
            0,
            0,
            0,
            0,
            0,
            1,
            0,
            0,
            0
        ],
        [
            0,
            0,
            0,
            0,
            0,
            0,
            0,
            0,
            0,
            0,
            0,
            1,
            0,
            0
        ],
        [
            0,
            0,
            0,
            0,
            0,
            0,
            0,
            0,
            0,
            1,
            1,
            1,
            3,
            0
        ],
        [
            0,
            0,
            0,
            0,
            0,
            0,
            0,
            0,
            0,
            0,
            1,
            0,
            0,
            3
        ]
    ],
    "classification_report": "              precision    recall  f1-score   support\n\n         A02     0.8000    1.0000    0.8889         4\n         A03     1.0000    0.8000    0.8889         5\n         A04     1.0000    0.5000    0.6667         4\n         A05     0.6667    0.5000    0.5714         4\n         A13     1.0000    0.6667    0.8000         6\n         A14     1.0000    0.6000    0.7500         5\n         A17     1.0000    1.0000    1.0000         3\n         A18     0.3636    1.0000    0.5333         4\n         A19     0.7500    0.6000    0.6667         5\n         A20     0.6667    0.5000    0.5714         4\n         A21     0.3333    1.0000    0.5000         1\n         A22     0.3333    1.0000    0.5000         1\n         A23     1.0000    0.5000    0.6667         6\n         A27     0.6000    0.7500    0.6667         4\n\n    accuracy                         0.6964        56\n   macro avg     0.7510    0.7440    0.6908        56\nweighted avg     0.8179    0.6964    0.7129        56\n"
}