{
    "accuracy": 0.9375,
    "precision": 0.9425827149041434,
    "recall": 0.9375,
    "f1": 0.937792546328352,
    "confusion_matrix": [
        [
            6,
            0,
            0,
            0,
            0,
            0,
            0,
            0,
            0,
            0,
            0,
            0,
            0,
            0
        ],
        [
            0,
            3,
            0,
            0,
            0,
            0,
            0,
            0,
            0,
            0,
            0,
            0,
            0,
            0
        ],
        [
            0,
            0,
            6,
            0,
            0,
            0,
            0,
            0,
            0,
            0,
            0,
            0,
            0,
            0
        ],
        [
            0,
            0,
            0,
            8,
            0,
            0,
            0,
            0,
            0,
            0,
            0,
            0,
            0,
            0
        ],
        [
            0,
            0,
            0,
            0,
            5,
            0,
            0,
            0,
            0,
            0,
            0,
            0,
            0,
            0
        ],
        [
            0,
            0,
            0,
            0,
            0,
            8,
            0,
            0,
            0,
            0,
            0,
            0,
            0,
            0
        ],
        [
            0,
            0,
            0,
            0,
            0,
            0,
            6,
            0,
            0,
            0,
            0,
            0,
            0,
            0
        ],
        [
            0,
            0,
            0,
            0,
            0,
            0,
            1,
            8,
            0,
            0,
            0,
            0,
            0,
            0
        ],
        [
            0,
            0,
            0,
            0,
            0,
            0,
            0,
            0,
            7,
            0,
            0,
            0,
            0,
            0
        ],
        [
            0,
            0,
            0,
            0,
            0,
            0,
            0,
            0,
            0,
            5,
            0,
            0,
            0,
            0
        ],
        [
            0,
            0,
            0,
            0,
            0,
            0,
            0,
            0,
            0,
            0,
            11,
            0,
            1,
            0
        ],
        [
            0,
            0,
            0,
            0,
            0,
            0,
            0,
            0,
            0,
            0,
            0,
            8,
            1,
            0
        ],
        [
            0,
            0,
            0,
            0,
            0,
            0,
            0,
            0,
            0,
            1,
            0,
            3,
            12,
            0
        ],
        [
            0,
            0,
            0,
            0,
            0,
            0,
            0,
            0,
            0,
            0,
            0,
            0,
            0,
            12
        ]
    ],
    "classification_report": "              precision    recall  f1-score   support\n\n         A02     1.0000    1.0000    1.0000         6\n         A03     1.0000    1.0000    1.0000         3\n         A04     1.0000    1.0000    1.0000         6\n         A05     1.0000    1.0000    1.0000         8\n         A13     1.0000    1.0000    1.0000         5\n         A14     1.0000    1.0000    1.0000         8\n         A17     0.8571    1.0000    0.9231         6\n         A18     1.0000    0.8889    0.9412         9\n         A19     1.0000    1.0000    1.0000         7\n         A20     0.8333    1.0000    0.9091         5\n         A21     1.0000    0.9167    0.9565        12\n         A22     0.7273    0.8889    0.8000         9\n         A23     0.8571    0.7500    0.8000        16\n         A27     1.0000    1.0000    1.0000        12\n\n    accuracy                         0.9375       112\n   macro avg     0.9482    0.9603    0.9521       112\nweighted avg     0.9426    0.9375    0.9378       112\n"
}