{
    "accuracy": 0.6428571428571429,
    "precision": 0.7300595238095238,
    "recall": 0.6428571428571429,
    "f1": 0.640602453102453,
    "confusion_matrix": [
        [
            4,
            0,
            0,
            0,
            0,
            0,
            0,
            0,
            0,
            0,
            0,
            0,
            0,
            0
        ],
        [
            0,
            5,
            0,
            0,
            0,
            0,
            0,
            0,
            0,
            0,
            0,
            0,
            0,
            0
        ],
        [
            0,
            0,
            2,
            0,
            0,
            0,
            1,
            1,
            0,
            0,
            0,
            0,
            0,
            0
        ],
        [
            0,
            0,
            0,
            2,
            1,
            0,
            0,
            0,
            0,
            1,
            0,
            0,
            0,
            0
        ],
        [
            0,
            0,
            0,
            0,
            3,
            0,
            1,
            2,
            0,
            0,
            0,
            0,
            0,
            0
        ],
        [
            1,
            0,
            0,
            0,
            1,
            2,
            0,
            1,
            0,
            0,
            0,
            0,
            0,
            0
        ],
        [
            0,
            0,
            0,
            0,
            0,
            0,
            3,
            0,
            0,
            0,
            0,
            0,
            0,
            0
        ],
        [
            0,
            0,
            0,
            0,
            0,
            0,
            1,
            3,
            0,
            0,
            0,
            0,
            0,
            0
        ],
        [
            0,
            1,
            0,
            0,
            0,
            0,
            0,
            1,
            2,
            0,
            0,
            1,
            0,
            0
        ],
        [
            0,
            0,
            0,
            0,
            0,
            0,
            0,
            0,
            1,
            1,
            0,
            1,
            1,
            0
        ],
        [
            0,
            0,
            0,
            0,
            0,
            0,
            0,
            0,
            0,
            0,
            1,
            0,
            0,
            0
        ],
        [
            0,
            0,
            0,
            0,
            0,
            0,
            0,
            0,
            0,
            0,
            0,
            1,
            0,
            0
        ],
        [
            0,
            0,
            0,
            0,
            0,
            0,
            0,
            0,
            0,
            1,
            1,
            1,
            3,
            0
        ],
        [
            0,
            0,
            0,
            0,
            0,
            0,
            0,
            0,
            0,
            0,
            0,
            0,
            0,
            4
        ]
    ],
    "classification_report": "              precision    recall  f1-score   support\n\n         A02     0.8000    1.0000    0.8889         4\n         A03     0.8333    1.0000    0.9091         5\n         A04     1.0000    0.5000    0.6667         4\n         A05     1.0000    0.5000    0.6667         4\n         A13     0.6000    0.5000    0.5455         6\n         A14     1.0000    0.4000    0.5714         5\n         A17     0.5000    1.0000    0.6667         3\n         A18     0.3750    0.7500    0.5000         4\n         A19     0.6667    0.4000    0.5000         5\n         A20     0.3333    0.2500    0.2857         4\n         A21     0.5000    1.0000    0.6667         1\n         A22     0.2500    1.0000    0.4000         1\n         A23     0.7500    0.5000    0.6000         6\n         A27     1.0000    1.0000    1.0000         4\n\n    accuracy                         0.6429        56\n   macro avg     0.6863    0.7000    0.6334        56\nweighted avg     0.7301    0.6429    0.6406        56\n"
}