{
    "accuracy": 0.5982142857142857,
    "precision": 0.621173469387755,
    "recall": 0.5982142857142857,
    "f1": 0.5791201139546728,
    "confusion_matrix": [
        [
            6,
            0,
            0,
            0,
            0,
            0,
            0,
            0,
            0,
            0,
            0,
            0,
            0,
            0
        ],
        [
            0,
            9,
            0,
            0,
            0,
            0,
            0,
            0,
            0,
            0,
            0,
            0,
            0,
            1
        ],
        [
            1,
            1,
            5,
            0,
            0,
            0,
            1,
            0,
            0,
            0,
            0,
            0,
            0,
            0
        ],
        [
            0,
            1,
            1,
            3,
            1,
            0,
            0,
            0,
            0,
            1,
            0,
            0,
            0,
            0
        ],
        [
            0,
            0,
            0,
            0,
            6,
            0,
            1,
            2,
            0,
            0,
            0,
            0,
            0,
            0
        ],
        [
            1,
            1,
            0,
            0,
            1,
            5,
            0,
            3,
            0,
            0,
            0,
            0,
            0,
            0
        ],
        [
            0,
            0,
            0,
            0,
            1,
            0,
            6,
            1,
            0,
            0,
            0,
            0,
            0,
            0
        ],
        [
            0,
            0,
            0,
            0,
            0,
            0,
            1,
            7,
            0,
            0,
            0,
            0,
            0,
            0
        ],
        [
            0,
            0,
            1,
            0,
            0,
            0,
            0,
            1,
            6,
            0,
            0,
            0,
            0,
            0
        ],
        [
            0,
            0,
            0,
            0,
            0,
            0,
            0,
            0,
            1,
            2,
            0,
            1,
            1,
            0
        ],
        [
            0,
            0,
            1,
            0,
            0,
            0,
            0,
            0,
            0,
            2,
            0,
            4,
            2,
            0
        ],
        [
            0,
            0,
            0,
            0,
            0,
            0,
            0,
            0,
            0,
            0,
            1,
            4,
            1,
            0
        ],
        [
            0,
            0,
            0,
            0,
            0,
            0,
            0,
            0,
            0,
            1,
            0,
            7,
            3,
            0
        ],
        [
            1,
            0,
            0,
            0,
            0,
            0,
            0,
            0,
            0,
            0,
            0,
            0,
            0,
            5
        ]
    ],
    "classification_report": "              precision    recall  f1-score   support\n\n         A02     0.6667    1.0000    0.8000         6\n         A03     0.7500    0.9000    0.8182        10\n         A04     0.6250    0.6250    0.6250         8\n         A05     1.0000    0.4286    0.6000         7\n         A13     0.6667    0.6667    0.6667         9\n         A14     1.0000    0.4545    0.6250        11\n         A17     0.6667    0.7500    0.7059         8\n         A18     0.5000    0.8750    0.6364         8\n         A19     0.8571    0.7500    0.8000         8\n         A20     0.3333    0.4000    0.3636         5\n         A21     0.0000    0.0000    0.0000         9\n         A22     0.2500    0.6667    0.3636         6\n         A23     0.4286    0.2727    0.3333        11\n         A27     0.8333    0.8333    0.8333         6\n\n    accuracy                         0.5982       112\n   macro avg     0.6127    0.6159    0.5836       112\nweighted avg     0.6212    0.5982    0.5791       112\n"
}