{
    "accuracy": 0.7678571428571429,
    "precision": 0.8303571428571429,
    "recall": 0.7678571428571429,
    "f1": 0.7625,
    "confusion_matrix": [
        [
            4,
            0,
            0,
            0,
            0,
            0,
            0,
            0,
            0,
            0,
            0,
            0,
            0,
            0
        ],
        [
            0,
            4,
            0,
            0,
            0,
            0,
            0,
            0,
            0,
            0,
            0,
            0,
            0,
            1
        ],
        [
            1,
            0,
            2,
            1,
            0,
            0,
            0,
            0,
            0,
            0,
            0,
            0,
            0,
            0
        ],
        [
            0,
            0,
            0,
            3,
            0,
            0,
            0,
            0,
            0,
            0,
            0,
            0,
            0,
            1
        ],
        [
            0,
            0,
            0,
            0,
            6,
            0,
            0,
            0,
            0,
            0,
            0,
            0,
            0,
            0
        ],
        [
            1,
            0,
            0,
            0,
            2,
            2,
            0,
            0,
            0,
            0,
            0,
            0,
            0,
            0
        ],
        [
            0,
            0,
            0,
            0,
            0,
            0,
            3,
            0,
            0,
            0,
            0,
            0,
            0,
            0
        ],
        [
            0,
            0,
            0,
            0,
            0,
            0,
            0,
            4,
            0,
            0,
            0,
            0,
            0,
            0
        ],
        [
            0,
            0,
            0,
            0,
            0,
            0,
            0,
            1,
            4,
            0,
            0,
            0,
            0,
            0
        ],
        [
            0,
            0,
            0,
            0,
            0,
            0,
            0,
            0,
            0,
            3,
            0,
            1,
            0,
            0
        ],
        [
            0,
            0,
            0,
            0,
            0,
            0,
            0,
            0,
            0,
            0,
            1,
            0,
            0,
            0
        ],
        [
            0,
            0,
            0,
            0,
            0,
            0,
            0,
            0,
            0,
            0,
            0,
            1,
            0,
            0
        ],
        [
            0,
            0,
            0,
            0,
            0,
            0,
            0,
            0,
            0,
            2,
            0,
            1,
            3,
            0
        ],
        [
            0,
            1,
            0,
            0,
            0,
            0,
            0,
            0,
            0,
            0,
            0,
            0,
            0,
            3
        ]
    ],
    "classification_report": "              precision    recall  f1-score   support\n\n         A02     0.6667    1.0000    0.8000         4\n         A03     0.8000    0.8000    0.8000         5\n         A04     1.0000    0.5000    0.6667         4\n         A05     0.7500    0.7500    0.7500         4\n         A13     0.7500    1.0000    0.8571         6\n         A14     1.0000    0.4000    0.5714         5\n         A17     1.0000    1.0000    1.0000         3\n         A18     0.8000    1.0000    0.8889         4\n         A19     1.0000    0.8000    0.8889         5\n         A20     0.6000    0.7500    0.6667         4\n         A21     1.0000    1.0000    1.0000         1\n         A22     0.3333    1.0000    0.5000         1\n         A23     1.0000    0.5000    0.6667         6\n         A27     0.6000    0.7500    0.6667         4\n\n    accuracy                         0.7679        56\n   macro avg     0.8071    0.8036    0.7659        56\nweighted avg     0.8304    0.7679    0.7625        56\n"
}