{
    "accuracy": 0.7142857142857143,
    "precision": 0.7580357142857144,
    "recall": 0.7142857142857143,
    "f1": 0.7005668934240363,
    "confusion_matrix": [
        [
            4,
            0,
            0,
            0,
            0,
            0,
            0,
            0,
            0,
            0,
            0,
            0,
            0,
            0
        ],
        [
            0,
            4,
            0,
            0,
            0,
            0,
            0,
            0,
            0,
            0,
            0,
            0,
            0,
            1
        ],
        [
            1,
            1,
            1,
            1,
            0,
            0,
            0,
            0,
            0,
            0,
            0,
            0,
            0,
            0
        ],
        [
            0,
            0,
            0,
            3,
            1,
            0,
            0,
            0,
            0,
            0,
            0,
            0,
            0,
            0
        ],
        [
            0,
            0,
            0,
            0,
            3,
            1,
            0,
            2,
            0,
            0,
            0,
            0,
            0,
            0
        ],
        [
            1,
            0,
            0,
            0,
            0,
            3,
            0,
            1,
            0,
            0,
            0,
            0,
            0,
            0
        ],
        [
            0,
            0,
            0,
            0,
            0,
            0,
            3,
            0,
            0,
            0,
            0,
            0,
            0,
            0
        ],
        [
            0,
            0,
            0,
            0,
            0,
            0,
            0,
            4,
            0,
            0,
            0,
            0,
            0,
            0
        ],
        [
            0,
            0,
            0,
            0,
            0,
            0,
            0,
            1,
            4,
            0,
            0,
            0,
            0,
            0
        ],
        [
            0,
            0,
            0,
            0,
            0,
            0,
            0,
            0,
            1,
            1,
            1,
            1,
            0,
            0
        ],
        [
            0,
            0,
            0,
            0,
            0,
            0,
            0,
            0,
            0,
            0,
            1,
            0,
            0,
            0
        ],
        [
            0,
            0,
            0,
            0,
            0,
            0,
            0,
            0,
            0,
            0,
            0,
            1,
            0,
            0
        ],
        [
            0,
            0,
            0,
            0,
            0,
            0,
            0,
            0,
            0,
            2,
            0,
            0,
            4,
            0
        ],
        [
            0,
            0,
            0,
            0,
            0,
            0,
            0,
            0,
            0,
            0,
            0,
            0,
            0,
            4
        ]
    ],
    "classification_report": "              precision    recall  f1-score   support\n\n         A02     0.6667    1.0000    0.8000         4\n         A03     0.8000    0.8000    0.8000         5\n         A04     1.0000    0.2500    0.4000         4\n         A05     0.7500    0.7500    0.7500         4\n         A13     0.7500    0.5000    0.6000         6\n         A14     0.7500    0.6000    0.6667         5\n         A17     1.0000    1.0000    1.0000         3\n         A18     0.5000    1.0000    0.6667         4\n         A19     0.8000    0.8000    0.8000         5\n         A20     0.3333    0.2500    0.2857         4\n         A21     0.5000    1.0000    0.6667         1\n         A22     0.5000    1.0000    0.6667         1\n         A23     1.0000    0.6667    0.8000         6\n         A27     0.8000    1.0000    0.8889         4\n\n    accuracy                         0.7143        56\n   macro avg     0.7250    0.7583    0.6994        56\nweighted avg     0.7580    0.7143    0.7006        56\n"
}