{
    "accuracy": 0.4642857142857143,
    "precision": 0.5460227272727273,
    "recall": 0.4642857142857143,
    "f1": 0.4480916248538428,
    "confusion_matrix": [
        [
            3,
            1,
            0,
            0,
            2,
            0,
            0,
            0,
            0,
            0,
            0,
            0,
            0,
            0
        ],
        [
            1,
            5,
            0,
            0,
            3,
            0,
            0,
            0,
            1,
            0,
            0,
            0,
            0,
            0
        ],
        [
            1,
            0,
            1,
            1,
            2,
            0,
            0,
            0,
            0,
            1,
            1,
            0,
            0,
            1
        ],
        [
            0,
            0,
            1,
            2,
            2,
            0,
            0,
            0,
            0,
            0,
            2,
            0,
            0,
            0
        ],
        [
            0,
            0,
            0,
            0,
            9,
            0,
            0,
            0,
            0,
            0,
            0,
            0,
            0,
            0
        ],
        [
            0,
            0,
            0,
            0,
            6,
            4,
            0,
            0,
            1,
            0,
            0,
            0,
            0,
            0
        ],
        [
            0,
            0,
            0,
            0,
            3,
            0,
            5,
            0,
            0,
            0,
            0,
            0,
            0,
            0
        ],
        [
            0,
            0,
            0,
            0,
            1,
            1,
            0,
            4,
            1,
            0,
            0,
            0,
            0,
            1
        ],
        [
            0,
            0,
            0,
            0,
            1,
            0,
            0,
            0,
            7,
            0,
            0,
            0,
            0,
            0
        ],
        [
            0,
            0,
            0,
            0,
            3,
            0,
            0,
            0,
            1,
            1,
            0,
            0,
            0,
            0
        ],
        [
            0,
            0,
            0,
            0,
            0,
            0,
            0,
            0,
            1,
            2,
            2,
            4,
            0,
            0
        ],
        [
            0,
            0,
            0,
            0,
            0,
            0,
            0,
            0,
            0,
            0,
            2,
            4,
            0,
            0
        ],
        [
            0,
            0,
            0,
            0,
            0,
            0,
            0,
            0,
            0,
            2,
            3,
            6,
            0,
            0
        ],
        [
            0,
            0,
            0,
            0,
            1,
            0,
            0,
            0,
            0,
            0,
            0,
            0,
            0,
            5
        ]
    ],
    "classification_report": "              precision    recall  f1-score   support\n\n         A02     0.6000    0.5000    0.5455         6\n         A03     0.8333    0.5000    0.6250        10\n         A04     0.5000    0.1250    0.2000         8\n         A05     0.6667    0.2857    0.4000         7\n         A13     0.2727    1.0000    0.4286         9\n         A14     0.8000    0.3636    0.5000        11\n         A17     1.0000    0.6250    0.7692         8\n         A18     1.0000    0.5000    0.6667         8\n         A19     0.5833    0.8750    0.7000         8\n         A20     0.1667    0.2000    0.1818         5\n         A21     0.2000    0.2222    0.2105         9\n         A22     0.2857    0.6667    0.4000         6\n         A23     0.0000    0.0000    0.0000        11\n         A27     0.7143    0.8333    0.7692         6\n\n    accuracy                         0.4643       112\n   macro avg     0.5445    0.4783    0.4569       112\nweighted avg     0.5460    0.4643    0.4481       112\n"
}