{
    "accuracy": 0.7321428571428571,
    "precision": 0.7745960884353742,
    "recall": 0.7321428571428571,
    "f1": 0.7085854621568907,
    "confusion_matrix": [
        [
            4,
            0,
            0,
            0,
            0,
            0,
            0,
            0,
            0,
            0,
            0,
            0,
            0,
            0
        ],
        [
            0,
            5,
            0,
            0,
            0,
            0,
            0,
            0,
            0,
            0,
            0,
            0,
            0,
            0
        ],
        [
            1,
            1,
            1,
            1,
            0,
            0,
            0,
            0,
            0,
            0,
            0,
            0,
            0,
            0
        ],
        [
            0,
            1,
            0,
            3,
            0,
            0,
            0,
            0,
            0,
            0,
            0,
            0,
            0,
            0
        ],
        [
            0,
            0,
            0,
            0,
            4,
            0,
            1,
            1,
            0,
            0,
            0,
            0,
            0,
            0
        ],
        [
            1,
            0,
            0,
            0,
            1,
            2,
            0,
            1,
            0,
            0,
            0,
            0,
            0,
            0
        ],
        [
            0,
            0,
            0,
            0,
            0,
            0,
            3,
            0,
            0,
            0,
            0,
            0,
            0,
            0
        ],
        [
            0,
            0,
            0,
            0,
            0,
            0,
            0,
            4,
            0,
            0,
            0,
            0,
            0,
            0
        ],
        [
            0,
            1,
            0,
            0,
            0,
            0,
            0,
            1,
            3,
            0,
            0,
            0,
            0,
            0
        ],
        [
            0,
            0,
            0,
            0,
            0,
            0,
            0,
            0,
            1,
            1,
            1,
            0,
            1,
            0
        ],
        [
            0,
            0,
            0,
            0,
            0,
            0,
            0,
            0,
            0,
            0,
            1,
            0,
            0,
            0
        ],
        [
            0,
            0,
            0,
            0,
            0,
            0,
            0,
            0,
            0,
            0,
            0,
            1,
            0,
            0
        ],
        [
            0,
            0,
            0,
            0,
            0,
            0,
            0,
            0,
            0,
            1,
            0,
            0,
            5,
            0
        ],
        [
            0,
            0,
            0,
            0,
            0,
            0,
            0,
            0,
            0,
            0,
            0,
            0,
            0,
            4
        ]
    ],
    "classification_report": "              precision    recall  f1-score   support\n\n         A02     0.6667    1.0000    0.8000         4\n         A03     0.6250    1.0000    0.7692         5\n         A04     1.0000    0.2500    0.4000         4\n         A05     0.7500    0.7500    0.7500         4\n         A13     0.8000    0.6667    0.7273         6\n         A14     1.0000    0.4000    0.5714         5\n         A17     0.7500    1.0000    0.8571         3\n         A18     0.5714    1.0000    0.7273         4\n         A19     0.7500    0.6000    0.6667         5\n         A20     0.5000    0.2500    0.3333         4\n         A21     0.5000    1.0000    0.6667         1\n         A22     1.0000    1.0000    1.0000         1\n         A23     0.8333    0.8333    0.8333         6\n         A27     1.0000    1.0000    1.0000         4\n\n    accuracy                         0.7321        56\n   macro avg     0.7676    0.7679    0.7216        56\nweighted avg     0.7746    0.7321    0.7086        56\n"
}