{
  "best_random": {
    "epoch": 20,
    "accuracy": 0.14814814814814814,
    "macro_f1": 0.12901234567901232
  }
}