{
    "accuracy": 0.9732142857142857,
    "precision": 0.974404761904762,
    "recall": 0.9732142857142857,
    "f1": 0.9734871452825613,
    "confusion_matrix": [
        [
            6,
            0,
            0,
            0,
            0,
            0,
            0,
            0,
            0,
            0,
            0,
            0,
            0,
            0
        ],
        [
            0,
            3,
            0,
            0,
            0,
            0,
            0,
            0,
            0,
            0,
            0,
            0,
            0,
            0
        ],
        [
            0,
            0,
            6,
            0,
            0,
            0,
            0,
            0,
            0,
            0,
            0,
            0,
            0,
            0
        ],
        [
            0,
            0,
            0,
            8,
            0,
            0,
            0,
            0,
            0,
            0,
            0,
            0,
            0,
            0
        ],
        [
            0,
            0,
            0,
            0,
            5,
            0,
            0,
            0,
            0,
            0,
            0,
            0,
            0,
            0
        ],
        [
            0,
            0,
            0,
            0,
            0,
            8,
            0,
            0,
            0,
            0,
            0,
            0,
            0,
            0
        ],
        [
            0,
            0,
            0,
            0,
            0,
            0,
            6,
            0,
            0,
            0,
            0,
            0,
            0,
            0
        ],
        [
            0,
            0,
            0,
            0,
            0,
            0,
            0,
            9,
            0,
            0,
            0,
            0,
            0,
            0
        ],
        [
            0,
            0,
            0,
            0,
            0,
            0,
            0,
            0,
            7,
            0,
            0,
            0,
            0,
            0
        ],
        [
            0,
            0,
            0,
            0,
            0,
            0,
            0,
            0,
            0,
            5,
            0,
            0,
            0,
            0
        ],
        [
            0,
            0,
            0,
            0,
            0,
            0,
            0,
            0,
            0,
            0,
            12,
            0,
            0,
            0
        ],
        [
            0,
            0,
            0,
            0,
            0,
            0,
            0,
            0,
            0,
            0,
            0,
            8,
            1,
            0
        ],
        [
            0,
            0,
            0,
            0,
            0,
            0,
            0,
            0,
            0,
            0,
            0,
            2,
            14,
            0
        ],
        [
            0,
            0,
            0,
            0,
            0,
            0,
            0,
            0,
            0,
            0,
            0,
            0,
            0,
            12
        ]
    ],
    "classification_report": "              precision    recall  f1-score   support\n\n         A02     1.0000    1.0000    1.0000         6\n         A03     1.0000    1.0000    1.0000         3\n         A04     1.0000    1.0000    1.0000         6\n         A05     1.0000    1.0000    1.0000         8\n         A13     1.0000    1.0000    1.0000         5\n         A14     1.0000    1.0000    1.0000         8\n         A17     1.0000    1.0000    1.0000         6\n         A18     1.0000    1.0000    1.0000         9\n         A19     1.0000    1.0000    1.0000         7\n         A20     1.0000    1.0000    1.0000         5\n         A21     1.0000    1.0000    1.0000        12\n         A22     0.8000    0.8889    0.8421         9\n         A23     0.9333    0.8750    0.9032        16\n         A27     1.0000    1.0000    1.0000        12\n\n    accuracy                         0.9732       112\n   macro avg     0.9810    0.9831    0.9818       112\nweighted avg     0.9744    0.9732    0.9735       112\n"
}