{
  "best_random": {
    "epoch": 8,
    "accuracy": 0.12962962962962962,
    "macro_f1": 0.1384479717813051
  }
}