{
    "accuracy": 0.5982142857142857,
    "precision": 0.6552661128553987,
    "recall": 0.5982142857142857,
    "f1": 0.5953045213300632,
    "confusion_matrix": [
        [
            5,
            1,
            0,
            0,
            0,
            0,
            0,
            0,
            0,
            0,
            0,
            0,
            0,
            0
        ],
        [
            0,
            8,
            0,
            1,
            0,
            0,
            0,
            0,
            1,
            0,
            0,
            0,
            0,
            0
        ],
        [
            2,
            0,
            6,
            0,
            0,
            0,
            0,
            0,
            0,
            0,
            0,
            0,
            0,
            0
        ],
        [
            0,
            0,
            1,
            3,
            1,
            0,
            0,
            0,
            0,
            1,
            0,
            0,
            1,
            0
        ],
        [
            0,
            0,
            0,
            0,
            4,
            0,
            1,
            4,
            0,
            0,
            0,
            0,
            0,
            0
        ],
        [
            2,
            0,
            0,
            0,
            0,
            5,
            0,
            3,
            1,
            0,
            0,
            0,
            0,
            0
        ],
        [
            0,
            0,
            0,
            0,
            1,
            0,
            6,
            1,
            0,
            0,
            0,
            0,
            0,
            0
        ],
        [
            0,
            0,
            0,
            0,
            0,
            0,
            1,
            7,
            0,
            0,
            0,
            0,
            0,
            0
        ],
        [
            0,
            0,
            0,
            0,
            0,
            0,
            1,
            1,
            6,
            0,
            0,
            0,
            0,
            0
        ],
        [
            0,
            0,
            0,
            0,
            0,
            0,
            0,
            0,
            0,
            1,
            0,
            2,
            2,
            0
        ],
        [
            0,
            0,
            0,
            0,
            0,
            0,
            0,
            0,
            0,
            4,
            1,
            3,
            1,
            0
        ],
        [
            0,
            0,
            0,
            0,
            0,
            0,
            0,
            0,
            0,
            0,
            1,
            4,
            1,
            0
        ],
        [
            0,
            0,
            0,
            0,
            0,
            0,
            0,
            0,
            0,
            1,
            0,
            4,
            6,
            0
        ],
        [
            0,
            0,
            0,
            0,
            0,
            1,
            0,
            0,
            0,
            0,
            0,
            0,
            0,
            5
        ]
    ],
    "classification_report": "              precision    recall  f1-score   support\n\n         A02     0.5556    0.8333    0.6667         6\n         A03     0.8889    0.8000    0.8421        10\n         A04     0.8571    0.7500    0.8000         8\n         A05     0.7500    0.4286    0.5455         7\n         A13     0.6667    0.4444    0.5333         9\n         A14     0.8333    0.4545    0.5882        11\n         A17     0.6667    0.7500    0.7059         8\n         A18     0.4375    0.8750    0.5833         8\n         A19     0.7500    0.7500    0.7500         8\n         A20     0.1429    0.2000    0.1667         5\n         A21     0.5000    0.1111    0.1818         9\n         A22     0.3077    0.6667    0.4211         6\n         A23     0.5455    0.5455    0.5455        11\n         A27     1.0000    0.8333    0.9091         6\n\n    accuracy                         0.5982       112\n   macro avg     0.6358    0.6030    0.5885       112\nweighted avg     0.6553    0.5982    0.5953       112\n"
}