{
    "accuracy": 0.5357142857142857,
    "precision": 0.588392857142857,
    "recall": 0.5357142857142857,
    "f1": 0.5166666666666667,
    "confusion_matrix": [
        [
            3,
            1,
            0,
            0,
            0,
            0,
            0,
            0,
            0,
            0,
            0,
            0,
            0,
            0
        ],
        [
            0,
            3,
            0,
            1,
            0,
            0,
            0,
            0,
            0,
            0,
            0,
            0,
            0,
            1
        ],
        [
            0,
            0,
            1,
            0,
            0,
            0,
            0,
            0,
            1,
            0,
            0,
            0,
            0,
            2
        ],
        [
            0,
            0,
            0,
            0,
            0,
            0,
            2,
            0,
            0,
            1,
            0,
            0,
            0,
            1
        ],
        [
            0,
            0,
            0,
            0,
            4,
            0,
            1,
            0,
            0,
            0,
            0,
            0,
            0,
            1
        ],
        [
            1,
            0,
            0,
            0,
            1,
            2,
            0,
            1,
            0,
            0,
            0,
            0,
            0,
            0
        ],
        [
            0,
            0,
            0,
            0,
            0,
            0,
            2,
            0,
            1,
            0,
            0,
            0,
            0,
            0
        ],
        [
            0,
            0,
            0,
            0,
            1,
            0,
            0,
            3,
            0,
            0,
            0,
            0,
            0,
            0
        ],
        [
            0,
            0,
            0,
            0,
            0,
            0,
            0,
            0,
            2,
            0,
            0,
            0,
            0,
            3
        ],
        [
            0,
            0,
            0,
            0,
            0,
            0,
            0,
            0,
            1,
            1,
            0,
            0,
            2,
            0
        ],
        [
            0,
            0,
            0,
            0,
            0,
            0,
            0,
            0,
            0,
            0,
            0,
            1,
            0,
            0
        ],
        [
            0,
            0,
            0,
            0,
            0,
            0,
            0,
            0,
            0,
            0,
            0,
            1,
            0,
            0
        ],
        [
            0,
            0,
            0,
            0,
            0,
            0,
            0,
            0,
            0,
            1,
            0,
            1,
            4,
            0
        ],
        [
            0,
            0,
            0,
            0,
            0,
            0,
            0,
            0,
            0,
            0,
            0,
            0,
            0,
            4
        ]
    ],
    "classification_report": "              precision    recall  f1-score   support\n\n         A02     0.7500    0.7500    0.7500         4\n         A03     0.7500    0.6000    0.6667         5\n         A04     1.0000    0.2500    0.4000         4\n         A05     0.0000    0.0000    0.0000         4\n         A13     0.6667    0.6667    0.6667         6\n         A14     1.0000    0.4000    0.5714         5\n         A17     0.4000    0.6667    0.5000         3\n         A18     0.7500    0.7500    0.7500         4\n         A19     0.4000    0.4000    0.4000         5\n         A20     0.3333    0.2500    0.2857         4\n         A21     0.0000    0.0000    0.0000         1\n         A22     0.3333    1.0000    0.5000         1\n         A23     0.6667    0.6667    0.6667         6\n         A27     0.3333    1.0000    0.5000         4\n\n    accuracy                         0.5357        56\n   macro avg     0.5274    0.5286    0.4755        56\nweighted avg     0.5884    0.5357    0.5167        56\n"
}