{
    "accuracy": 0.75,
    "precision": 0.7978741496598637,
    "recall": 0.75,
    "f1": 0.7289619111047684,
    "confusion_matrix": [
        [
            4,
            0,
            0,
            0,
            0,
            0,
            0,
            0,
            0,
            0,
            0,
            0,
            0,
            0
        ],
        [
            0,
            4,
            0,
            0,
            0,
            0,
            0,
            0,
            0,
            0,
            0,
            0,
            0,
            1
        ],
        [
            2,
            0,
            1,
            1,
            0,
            0,
            0,
            0,
            0,
            0,
            0,
            0,
            0,
            0
        ],
        [
            0,
            0,
            0,
            3,
            0,
            0,
            0,
            0,
            0,
            0,
            0,
            0,
            0,
            1
        ],
        [
            0,
            0,
            0,
            0,
            4,
            0,
            0,
            2,
            0,
            0,
            0,
            0,
            0,
            0
        ],
        [
            1,
            0,
            0,
            0,
            1,
            2,
            0,
            1,
            0,
            0,
            0,
            0,
            0,
            0
        ],
        [
            0,
            0,
            0,
            0,
            0,
            0,
            3,
            0,
            0,
            0,
            0,
            0,
            0,
            0
        ],
        [
            0,
            0,
            0,
            0,
            0,
            0,
            0,
            4,
            0,
            0,
            0,
            0,
            0,
            0
        ],
        [
            0,
            0,
            0,
            0,
            0,
            0,
            0,
            0,
            4,
            1,
            0,
            0,
            0,
            0
        ],
        [
            0,
            0,
            0,
            0,
            0,
            0,
            0,
            0,
            1,
            1,
            0,
            1,
            1,
            0
        ],
        [
            0,
            0,
            0,
            0,
            0,
            0,
            0,
            0,
            0,
            0,
            1,
            0,
            0,
            0
        ],
        [
            0,
            0,
            0,
            0,
            0,
            0,
            0,
            0,
            0,
            0,
            0,
            1,
            0,
            0
        ],
        [
            0,
            0,
            0,
            0,
            0,
            0,
            0,
            0,
            0,
            0,
            0,
            0,
            6,
            0
        ],
        [
            0,
            0,
            0,
            0,
            0,
            0,
            0,
            0,
            0,
            0,
            0,
            0,
            0,
            4
        ]
    ],
    "classification_report": "              precision    recall  f1-score   support\n\n         A02     0.5714    1.0000    0.7273         4\n         A03     1.0000    0.8000    0.8889         5\n         A04     1.0000    0.2500    0.4000         4\n         A05     0.7500    0.7500    0.7500         4\n         A13     0.8000    0.6667    0.7273         6\n         A14     1.0000    0.4000    0.5714         5\n         A17     1.0000    1.0000    1.0000         3\n         A18     0.5714    1.0000    0.7273         4\n         A19     0.8000    0.8000    0.8000         5\n         A20     0.5000    0.2500    0.3333         4\n         A21     1.0000    1.0000    1.0000         1\n         A22     0.5000    1.0000    0.6667         1\n         A23     0.8571    1.0000    0.9231         6\n         A27     0.6667    1.0000    0.8000         4\n\n    accuracy                         0.7500        56\n   macro avg     0.7869    0.7798    0.7368        56\nweighted avg     0.7979    0.7500    0.7290        56\n"
}