{
    "accuracy": 0.5535714285714286,
    "precision": 0.59690527726242,
    "recall": 0.5535714285714286,
    "f1": 0.5341100076394194,
    "confusion_matrix": [
        [
            5,
            0,
            0,
            0,
            0,
            1,
            0,
            0,
            0,
            0,
            0,
            0,
            0,
            0
        ],
        [
            0,
            9,
            0,
            0,
            0,
            0,
            0,
            0,
            0,
            0,
            0,
            0,
            0,
            1
        ],
        [
            1,
            0,
            4,
            0,
            1,
            0,
            0,
            0,
            0,
            0,
            2,
            0,
            0,
            0
        ],
        [
            0,
            1,
            2,
            1,
            1,
            0,
            0,
            0,
            0,
            0,
            2,
            0,
            0,
            0
        ],
        [
            0,
            0,
            0,
            0,
            8,
            1,
            0,
            0,
            0,
            0,
            0,
            0,
            0,
            0
        ],
        [
            2,
            0,
            1,
            0,
            1,
            3,
            0,
            3,
            1,
            0,
            0,
            0,
            0,
            0
        ],
        [
            0,
            0,
            0,
            0,
            0,
            0,
            6,
            2,
            0,
            0,
            0,
            0,
            0,
            0
        ],
        [
            0,
            0,
            0,
            0,
            0,
            0,
            1,
            7,
            0,
            0,
            0,
            0,
            0,
            0
        ],
        [
            0,
            0,
            0,
            0,
            0,
            0,
            1,
            2,
            5,
            0,
            0,
            0,
            0,
            0
        ],
        [
            0,
            0,
            0,
            0,
            0,
            0,
            0,
            0,
            0,
            3,
            0,
            2,
            0,
            0
        ],
        [
            0,
            0,
            1,
            0,
            0,
            0,
            0,
            0,
            0,
            4,
            1,
            1,
            2,
            0
        ],
        [
            0,
            0,
            0,
            0,
            0,
            0,
            0,
            0,
            0,
            1,
            1,
            3,
            1,
            0
        ],
        [
            0,
            0,
            0,
            0,
            0,
            0,
            0,
            0,
            0,
            4,
            1,
            4,
            2,
            0
        ],
        [
            0,
            0,
            1,
            0,
            0,
            0,
            0,
            0,
            0,
            0,
            0,
            0,
            0,
            5
        ]
    ],
    "classification_report": "              precision    recall  f1-score   support\n\n         A02     0.6250    0.8333    0.7143         6\n         A03     0.9000    0.9000    0.9000        10\n         A04     0.4444    0.5000    0.4706         8\n         A05     1.0000    0.1429    0.2500         7\n         A13     0.7273    0.8889    0.8000         9\n         A14     0.6000    0.2727    0.3750        11\n         A17     0.7500    0.7500    0.7500         8\n         A18     0.5000    0.8750    0.6364         8\n         A19     0.8333    0.6250    0.7143         8\n         A20     0.2500    0.6000    0.3529         5\n         A21     0.1429    0.1111    0.1250         9\n         A22     0.3000    0.5000    0.3750         6\n         A23     0.4000    0.1818    0.2500        11\n         A27     0.8333    0.8333    0.8333         6\n\n    accuracy                         0.5536       112\n   macro avg     0.5933    0.5724    0.5391       112\nweighted avg     0.5969    0.5536    0.5341       112\n"
}