{
  "best_random": {
    "epoch": 26,
    "accuracy": 0.12962962962962962,
    "macro_f1": 0.09400352733686068
  }
}